{
  "info" : {
    "author" : "xcode",
    "version" : 1
  },
  "properties" : {
    "content" : "trackingData.cv3dmap",
    "rotation" : [
      0,
      0.99999994039535522,
      0,
      3.9379026889801025
    ],
    "translation" : [
      -0.0026189163327217102,
      0.02096085250377655,
      -0.00028041750192642212
    ],
    "version" : 1
  }
}
